mtry,Accuracy,Kappa,AccuracySD,KappaSD
2,0.9263076923076923,0.9047252061646401,0.046122211380667764,0.06001459226043786
5,0.9301538461538462,0.9099092533951635,0.05686622247329818,0.07331688109757577
8,0.9303076923076923,0.9107390455758421,0.06483499513646795,0.08199287203722265
