Accuracy,Kappa,Resample
1,1,Fold01
0.9615384615384616,0.950664136622391,Fold02
0.9230769230769231,0.9017013232514178,Fold05
0.96,0.948559670781893,Fold04
0.9230769230769231,0.9017013232514178,Fold03
0.92,0.8953974895397492,Fold06
0.9230769230769231,0.900763358778626,Fold09
1,1,Fold08
0.9230769230769231,0.9001919385796546,Fold07
0.7692307692307693,0.7084112149532711,Fold10
