mtry,Accuracy,Kappa,AccuracySD,KappaSD
2,0.9946657183499289,0.993188394321215,0.011246902577648555,0.014361976655639814
4,0.9893989130831237,0.9864268090480317,0.013691331049628205,0.0175294137984379
7,0.9841321078163183,0.9797403801972251,0.01366636468650203,0.017450469023922176
