Accuracy,Kappa,Resample
0.9574468085106383,0.9447708578143361,Fold02
0.9,0.8701298701298702,Fold01
0.9787234042553191,0.9721233689205219,Fold03
0.9148936170212766,0.8893466745144201,Fold06
0.9791666666666666,0.9726183685111237,Fold05
0.94,0.9223200414293111,Fold04
0.9574468085106383,0.944246737841044,Fold07
0.9782608695652174,0.9713216957605986,Fold10
0.9791666666666666,0.9728813559322034,Fold09
0.9791666666666666,0.9729577464788732,Fold08
