mtry,Accuracy,Kappa,AccuracySD,KappaSD
2,0.9564271507863089,0.9432716717332302,0.029261425881311837,0.037915471650780144
4,0.9520812519272279,0.937513838234152,0.03204272145133308,0.04175834807620899
7,0.9476982732038236,0.9317389511295706,0.03308097623045209,0.04305565071229795
