Accuracy,Kappa,Resample
1,1,Fold02
0.972972972972973,0.9654528478057891,Fold01
1,1,Fold03
0.9736842105263158,0.9664310954063603,Fold06
1,1,Fold05
1,1,Fold04
1,1,Fold07
1,1,Fold10
1,1,Fold09
1,1,Fold08
