Wavelength,GV_1,GV_2,GV_3,GV_4
490,265,272,302,278
560,491,502,547,521
665,576,644,594,558
705,926,1031,1032,1177
740,1305,1502,1603,1814
786,1474.999878,1766,1773.000122,2019
842,1614,1820,1980,2230
865,1693,2065,2129,2294
1610,1020,1085,1102,957.000061
2190,631,681,680.000061,592
